<?xml version="1.0" encoding="UTF-8"?><MD_Metadata xmlns:gts="http://www.isotc211.org/2005/gts" xmlns:gco="http://www.isotc211.org/2005/gco" xmlns:xalan="http://xml.apache.org/xalan" xmlns:srv="http://www.isotc211.org/2005/srv" xmlns:gmx="http://www.isotc211.org/2005/gmx" xmlns:xlink="http://www.w3.org/1999/xlink" xmlns:xsi="http://www.w3.org/2001/XMLSchema-instance" xmlns:gml="http://www.opengis.net/gml" xmlns="http://www.isotc211.org/2005/gmd">
    <fileIdentifier>
        <gco:CharacterString>4ee4fef293d74436afe31c2b979dfb30</gco:CharacterString>
    </fileIdentifier>
    <characterSet>
        <MD_CharacterSetCode codeList="http://www.isotc211.org/2005/resources/Codelist/gmxCodelists.xml#MD_CharacterSetCode" codeListValue="utf8" codeSpace="ISOTC211/19115">utf8</MD_CharacterSetCode>
    </characterSet>
    <hierarchyLevel>
        <MD_ScopeCode codeList="http://www.isotc211.org/2005/resources/Codelist/gmxCodelists.xml#MD_ScopeCode" codeListValue="dataset" codeSpace="ISOTC211/19115">dataset</MD_ScopeCode>
    </hierarchyLevel>
    <hierarchyLevelName>
        <gco:CharacterString>dataset</gco:CharacterString>
    </hierarchyLevelName>
    <contact>
        <CI_ResponsibleParty>
            <role>
                <CI_RoleCode codeList="http://www.isotc211.org/2005/resources/Codelist/gmxCodelists.xml#CI_RoleCode" codeListValue="pointOfContact" codeSpace="ISOTC211/19115">pointOfContact</CI_RoleCode>
            </role>
        </CI_ResponsibleParty>
    </contact>
    <dateStamp>
        <gco:Date>2019-02-14</gco:Date>
    </dateStamp>
    <metadataStandardName>
        <gco:CharacterString>ISO 19139 Geographic Information - Metadata - Implementation Specification</gco:CharacterString>
    </metadataStandardName>
    <metadataStandardVersion>
        <gco:CharacterString>2007</gco:CharacterString>
    </metadataStandardVersion>
    <identificationInfo>
        <MD_DataIdentification>
            <citation>
                <CI_Citation>
                    <title>
                        <gco:CharacterString>Town Survey Marks</gco:CharacterString>
                    </title>
                    <date gco:nilReason="missing"/>
                </CI_Citation>
            </citation>
            <abstract>
                <gco:CharacterString>A standard Town Survey Mark (TSM) comprises of a brass peg in concrete at a depth of at least 24cm underground. It is protected by a cast iron cover placed flush with the ground surface. TSMs form part of an integrated surveyed system of control points throughout South Africa. The TSM dataset comprises of approx. 10000 control points at regular intervals within the municipal boundary of the City of Cape Town. They are maintained on an ongoing basis with its mandate given by the Land Survey Act 8 of 1997, section 42(4)a. TSMs are installed and surveyed to highest possible accuracy standards, usually at sub centimeter level. Their locational co-ordinates are determined by network adjust methods and precise levelling. Co-ordinates are based on the South African Hartebeesthoek 94 Datum and the World Geodetic System 1984 (WGS84) as ellipsoidal reference.All spatial layers are served live from internal systems, an item's &amp;quot;Last Updated&amp;quot; or &amp;quot;Publish Date&amp;quot; refers to the Metadata only.</gco:CharacterString>
            </abstract>
            <purpose>
                <gco:CharacterString>The TSM dataset contains the co-ordinates of approx. 10000 control points. They are spread across the municipal area of the City of Cape Town. The dataset includes standard TSMs, Bench Marks, additional control points and photo control points.</gco:CharacterString>
            </purpose>
            <credit>
                <gco:CharacterString>Geodetic Survey section, Information and Knowledge Management Department, City of Cape Town.</gco:CharacterString>
            </credit>
            <descriptiveKeywords>
                <MD_Keywords>
                    <keyword>
                        <gco:CharacterString>Town Survey Marks</gco:CharacterString>
                    </keyword>
                    <keyword>
                        <gco:CharacterString>basic services and infrastructure</gco:CharacterString>
                    </keyword>
                    <keyword>
                        <gco:CharacterString>topography</gco:CharacterString>
                    </keyword>
                    <keyword>
                        <gco:CharacterString>Cadastre and Planning</gco:CharacterString>
                    </keyword>
                </MD_Keywords>
            </descriptiveKeywords>
            <resourceConstraints>
                <MD_Constraints>
                    <useLimitation>
                        <gco:CharacterString>Terms of Use

</gco:CharacterString>
                    </useLimitation>
                </MD_Constraints>
            </resourceConstraints>
            <language gco:nilReason="missing"/>
            <characterSet>
                <MD_CharacterSetCode codeList="http://www.isotc211.org/2005/resources/Codelist/gmxCodelists.xml#MD_CharacterSetCode" codeListValue="utf8" codeSpace="ISOTC211/19115">utf8</MD_CharacterSetCode>
            </characterSet>
        </MD_DataIdentification>
    </identificationInfo>
    <distributionInfo>
        <MD_Distribution>
            <transferOptions>
                <MD_DigitalTransferOptions>
                    <onLine>
                        <CI_OnlineResource>
                            <linkage>
                                <URL>https://citymaps.capetown.gov.za/agsext1/rest/services/Theme_Based/Open_Data_Service/MapServer/14</URL>
                            </linkage>
                        </CI_OnlineResource>
                    </onLine>
                </MD_DigitalTransferOptions>
            </transferOptions>
        </MD_Distribution>
    </distributionInfo>
</MD_Metadata>
